My_Pass,6X))*iNqliV^s^l
My_Pass2, !3Ry1I%NkLq^%Zq
My_Pass3, oKH3W0IAx@l4iVc
My_Pass4, NVCM$g5BxplD7xn
google.com, U1HFlVb2hpW7Hzx
looker.com, (lNFsYJZkAU%zh0
buzzer.com, BVNkzeFnN2vhXOC
taka.com, CjmD4FGWzET@qJi
coko.com, fJxBIAJrkVv#nBT
uol.com, IfFQ)YewptKji!C
hidan.com, 463Xf4MPE@yZppX
soul.com, r$YmW!zLy4V(@Gp
oloko.com, ^!bBl&7VVyFFpXC
youtube.com, 8G5^yoF$IZHpB06
lokkk.com, 0%l9ko$MMB%EYXK
caos.com, sZZaPaLwL0j40we
mangatube.com, 03T1Z99NRGanY65
ucrania.com.uk, 1Z50NZJ$qxIz*7^
amazon.com, lek(jnQ1z8Hj@VY
damare.com, fxxX(6beJqqctCr
